{
  "people_count_estimate": {
    "people_est_float": 8.211852073669434,
    "people_est_rounded": 8,
    "per_window_preds": [
      7.526355743408203,
      7.827151775360107,
      8.782092094421387,
      7.710227966308594,
      8.848522186279297,
      8.576763153076172
    ],
    "per_window_centers_s": [
      5.0,
      15.0,
      25.0,
      35.0,
      45.0,
      55.0
    ]
  }
}