{
  "val_mae": 1.0656189918518066,
  "y_val_sample": [
    8.0,
    5.0,
    3.0,
    1.0,
    3.0,
    2.0,
    8.0,
    5.0,
    1.0,
    2.0,
    7.0,
    5.0,
    5.0,
    1.0,
    7.0,
    1.0,
    1.0,
    1.0,
    7.0,
    6.0,
    6.0,
    2.0,
    1.0,
    6.0,
    4.0,
    2.0,
    3.0,
    5.0,
    7.0,
    2.0,
    7.0,
    3.0,
    3.0,
    2.0,
    2.0,
    2.0,
    3.0,
    8.0,
    2.0,
    7.0,
    5.0,
    7.0,
    8.0,
    2.0,
    6.0,
    5.0,
    7.0,
    5.0,
    5.0,
    2.0
  ],
  "preds_val_sample": [
    6.627188682556152,
    4.889111518859863,
    3.7094545364379883,
    0.6058878302574158,
    1.6803679466247559,
    1.4194347858428955,
    5.5345940589904785,
    5.158649444580078,
    1.5015034675598145,
    4.0689873695373535,
    6.322298526763916,
    5.568264961242676,
    2.372889280319214,
    0.6594027280807495,
    6.695369243621826,
    2.1891210079193115,
    2.703526735305786,
    1.2502139806747437,
    4.885469913482666,
    7.325347900390625,
    6.7869038581848145,
    1.868388056755066,
    2.0249314308166504,
    4.239970684051514,
    4.435891628265381,
    3.611204147338867,
    3.855647325515747,
    6.019911289215088,
    6.28452730178833,
    1.3523222208023071,
    4.408095359802246,
    3.4180965423583984,
    4.14133882522583,
    4.0036773681640625,
    2.1689939498901367,
    2.298590898513794,
    4.189835071563721,
    7.371277332305908,
    1.3393058776855469,
    5.14390754699707,
    5.003352642059326,
    5.873074054718018,
    7.308169841766357,
    1.9139450788497925,
    7.26695442199707,
    5.32603645324707,
    4.798020839691162,
    3.491398334503174,
    5.523393630981445,
    3.8401849269866943
  ]
}